SaO2,Heart Rate,Systemic Systolic,Systemic Diastolic,Systemic Mean,FiO2,Minute Ventilation,Mean Airway Pressure,Peak Airway Pressure,PEEP,PC mode,Plateau,Tidal Volume,Respiratory Rate,RASS,Platelets x1000,WBC x1000,Hgb,PO2,PaCO2,Glucose,BUN,pH,Sodium,Potassium,Magnesium,Calcium,Chloride,creatinine,HCO3,Phosphate,PT-INR,Relaxant,Sedation,PPI,Pain control,total,Fluid_intake_value,Nutrition_Enteral_value,Urine_value,Aspergillus,Candida,Abdomen,Blood,Respiratory tract,Skin and soft tissue,Urinary tract,Others,gender,age,race,dnr,apsiii,MI,CHF,PVD,CVD,Dementia,CPD,RD,PUD,MLD,DM_acute,DM_Chronic,Hemiplegia,Renal,Malignancy,LD,MST,AIDS,Troponin - T,Ferritin,Transferrin,CRP,Fibrinogen,HDL,LDL,Total Cholesterol,Direct Bilirubin,Lactate,LDH,Lipase,Amylase,CPK,CPK-MB,BNP,PTT,Fe,TIBC,Fe/TIBC Ratio,Serum_Osmolality,TSH,T3,T4,Free T4,Ionized Calcium,Triglycerides,Cortisol,Uric Acid,Ammonia,Vitamin B12
98.0,72.0,134.0,86.0,99.0,30.0,10.51157159305864,9.719774436090226,19.50003700049334,5.0,1,18.952330038329634,449.3197550897707,17.0,-2.0,285.5,12.066666666666668,13.5,71.5,37.5,111.0,12.0,7.283333333333334,140.0,5.15,2.05,8.8,104.5,0.7,22.5,2.65,6.35,0,0,0,0,1614.6164965555072,2564.616499178112,894.1870370299293,1060.0,0,0,0.0,0.0,0.0,0.0,0.0,0.0,1,55,27,0,57.0,0,0,0,0,0,0,0,0,0,0,0,0,0,0,0,0,0,0.5155187696713143,819.4131909877208,198.0335804574993,53.821975017459074,332.0489387273744,24.808737968623152,86.82531343669241,87.19409148212664,2.0663499333961046,200.48,250.25,43.0,331.9820472620024,535.3882536959749,11.9918148323308,5677.223245825052,27.4,60.66072416935064,257.5113376565136,0.2355652559665706,282.0,2.1,80.7681353985813,2.4092747918004283,1.1868414826863445,8.7625,156.37106674444115,19.93994655978453,8.836233076517447,49.05272689190248,771.1889042867183
